id,bl,ad95,hyperalg,tol,dep,sqrdep,D1MIT3,D1MIT318,D1MIT19,D1MIT48,D1MIT218,crp,D1MIT362,D2MIT151,D2MIT61,D2MIT395,D2MIT285,D2MIT148,D3MIT203,D3MIT22,D3MIT103,D3MIT352,D4MIT193,D4MIT17,D4MIT308,D4MIT42,D5MIT48,D5MIT128,D5MIT309,D5MIT239,D5MIT161,D5MIT98,D5MIT102,D6MIT138,D6MIT123,D6MIT9,D6MIT55,D6MIT201,D7MIT76,D7MIT229,D7MIT323,D7MIT105,D7MIT15,D8MIT155,D8MIT292,D8MIT104,D8MIT166,D8MIT56,D9MIT129,D9MIT123,D9MIT350,D9MIT279,D10MIT83,D10MIT38,D10MIT186,D10MIT95,D10MIT35,D11MIT20,D11MIT5,D11MIT67,D11MIT333,D11MIT103,D12MIT46,D12MIT91,D12MIT7,D12MIT18,D13MIT16,D13MIT256,D13MIT147,D13MIT77,D14MIT98,D14MIT60,D14MIT39,D14MIT185,D14MIT107,D15MIT13,D15MIT29,D15MIT107,D15MIT42,D16MIT131,D16MIT4,D16MIT114,D16MIT86,D17MIT164,D17MIT115,D17MIT39,D17MIT123,D18MIT177,D18MIT49,D19MIT96,D19MIT91,D19MIT1,D19MIT137
,,,,,,,1,1,1,1,1,1,1,2,2,2,2,2,3,3,3,3,4,4,4,4,5,5,5,5,5,5,5,6,6,6,6,6,7,7,7,7,7,8,8,8,8,8,9,9,9,9,10,10,10,10,10,11,11,11,11,11,12,12,12,12,13,13,13,13,14,14,14,14,14,15,15,15,15,16,16,16,16,17,17,17,17,18,18,19,19,19,19
,,,,,,,6.283,12.842,38.065,44.694,55.735,80.061,94.38,18.924,34.887,59.967,75.376,100.492,10.801,32.25,46.74,83.5,13.989,33.973,57.689,82.641,3.48,21.629,42.315,52.085,65.238,76.989,90.038,1.863,16.2,38.094,52.99,77.775,9.435,29.418,54.444,70.291,88.569,2.113,21.089,39.194,57.741,76.272,24.451,40.845,61.008,69.876,7,23.163,38.568,47.057,74.3,27.221,40.878,60.326,71.826,82.028,15.638,29.989,52.559,58,7.27,40,51.289,65.331,7.363,24.431,35.654,54,66.092,1.758,34.13,39.841,55.774,3.414,25.507,44.5,54.234,2.109,23.263,45.483,60.641,21.375,51.405,15.668,40.673,50.319,54.605
1,4.4,8.6,1,2.4,-,-,H,A,H,H,H,H,H,A,A,H,H,H,H,H,A,A,B,B,B,H,H,H,H,H,A,A,A,H,A,-,H,B,A,H,B,B,B,H,H,B,B,B,H,H,H,H,B,B,A,A,A,H,H,B,B,B,B,A,B,B,B,B,H,H,H,H,H,B,B,A,H,H,B,H,A,A,A,H,H,H,H,H,H,H,B,B,B
2,4.4,89.3,0.9,2.7,-,-,H,H,H,H,B,B,B,B,B,B,H,H,H,H,H,H,H,H,H,H,A,H,B,B,B,B,B,H,H,H,H,H,H,H,H,B,-,A,A,A,A,A,-,A,A,A,B,B,B,H,H,H,H,A,A,A,B,A,H,H,H,H,H,H,H,H,H,H,A,H,H,H,B,B,H,H,H,H,A,A,A,H,A,B,H,H,H
3,3.5,44.5,1,1,-,-,H,H,B,B,B,B,B,B,H,H,H,H,B,A,A,A,A,A,A,A,H,H,H,B,B,B,B,H,B,B,B,A,H,B,B,B,-,H,A,A,H,B,A,A,H,H,H,H,B,H,H,H,-,H,H,H,H,H,H,H,A,A,A,A,A,H,B,H,H,H,H,H,B,H,H,H,H,H,H,H,H,A,A,H,H,H,A
4,3.6,20.7,-0.4,1,-,-,B,B,B,B,B,B,B,A,A,H,H,H,H,H,H,-,A,A,A,H,A,A,H,H,H,H,A,A,A,H,H,H,B,B,H,A,-,H,H,H,H,B,H,B,H,H,H,A,H,B,B,H,-,H,H,H,H,H,H,H,H,H,H,H,A,H,H,B,H,B,H,H,H,B,B,H,H,H,B,B,H,B,B,H,H,B,B
5,3.8,20.7,1.4,1,-,-,H,H,B,B,B,A,A,B,B,H,H,H,H,H,B,B,B,B,B,H,A,A,H,H,H,B,H,B,A,A,A,A,H,H,H,H,-,H,H,A,A,H,H,H,H,H,A,A,H,B,B,B,B,H,H,H,H,A,A,A,H,H,B,B,H,H,H,A,A,B,B,B,H,B,B,B,B,A,H,B,B,H,H,H,A,A,A
6,3.1,8.6,-0.5,5.2,-,-,H,H,A,A,A,H,H,H,H,H,H,H,B,B,B,B,B,B,H,H,B,B,H,H,H,B,B,B,B,B,H,A,H,B,B,B,-,H,H,H,H,A,H,H,H,B,B,B,B,B,B,A,A,H,H,H,H,H,H,H,A,H,H,H,A,A,A,H,H,A,H,H,B,B,B,B,B,H,H,A,H,A,H,H,B,B,B
7,4.1,20.7,1.1,2.1,-,-,B,B,H,H,H,H,H,A,A,A,A,A,A,B,B,B,H,H,H,B,A,A,A,H,H,H,H,H,H,B,B,B,H,H,H,H,-,H,H,A,A,H,H,B,B,B,B,B,H,H,H,H,H,A,A,A,B,B,B,H,H,H,H,H,H,H,B,H,H,B,H,H,H,B,H,B,B,B,B,B,H,A,H,H,B,H,H
8,4.9,20.7,0.4,4.3,-,-,A,A,A,A,A,H,H,H,A,A,H,H,H,H,A,H,H,H,H,A,B,B,B,B,H,H,A,A,A,A,H,B,A,H,H,H,-,A,A,A,A,H,H,H,H,H,-,H,H,B,B,A,A,A,H,H,A,A,A,H,A,A,A,A,H,H,H,A,A,H,H,H,H,H,H,H,H,A,A,A,A,H,H,B,B,A,A
9,3.9,20.7,0.4,2.1,-,-,B,B,B,B,B,B,B,H,H,H,H,H,H,H,H,A,B,B,B,H,H,H,A,A,H,H,H,H,B,B,B,H,H,H,A,A,-,H,A,H,H,H,A,A,A,A,-,A,A,A,A,H,H,H,H,H,H,H,B,B,H,B,B,B,A,A,A,A,A,H,B,B,H,A,H,B,H,A,H,H,A,H,A,A,A,A,A
10,3,44.5,-0.1,2.9,-,-,A,A,H,H,H,H,A,A,A,A,H,B,H,A,A,H,H,B,B,H,H,H,B,B,H,H,A,B,B,H,H,H,H,-,A,A,-,H,H,A,A,A,H,A,A,A,-,B,B,B,B,H,H,B,H,H,H,H,B,B,A,A,H,H,H,H,H,B,H,A,A,A,A,A,H,H,H,H,H,A,A,H,H,A,H,H,H
11,4,20.7,-0.3,2.1,-,-,H,H,H,H,H,H,B,H,H,H,H,A,H,H,H,H,H,H,H,B,H,B,B,B,B,H,H,B,H,H,-,A,B,B,H,H,H,H,H,B,B,H,H,H,A,A,-,H,H,H,H,A,A,A,A,H,H,H,H,H,B,A,A,A,B,A,A,A,A,A,H,B,B,A,A,A,A,H,H,B,B,H,H,B,H,A,A
12,3.5,20.7,0.2,2.1,-,-,A,A,A,A,H,A,H,A,A,H,B,B,H,A,A,A,H,B,B,B,H,B,B,B,B,B,H,A,H,H,H,B,B,H,H,H,H,B,B,H,H,H,A,A,H,H,-,H,H,A,H,B,B,H,H,H,H,H,A,A,H,H,B,B,H,B,H,H,H,A,A,A,H,B,B,H,H,A,H,H,B,H,B,H,A,A,A
13,4.4,20.7,0.2,1,-,-,B,H,H,H,H,H,H,H,H,H,H,A,H,A,A,H,H,H,H,H,B,-,H,H,H,H,H,H,A,A,A,A,H,H,H,H,H,A,A,A,A,H,H,H,H,H,-,H,H,A,H,A,A,A,H,H,H,H,H,B,H,A,A,A,B,H,H,B,B,H,H,H,H,H,H,H,H,H,H,B,B,H,H,B,B,B,B
14,3.4,20.7,0.7,2.1,-,-,A,A,A,A,A,H,H,H,H,H,H,H,H,H,H,H,B,B,H,B,H,H,H,A,A,H,B,H,H,H,H,H,H,H,A,H,H,H,H,H,H,H,H,H,A,H,-,H,H,H,A,H,A,H,H,H,H,H,H,H,H,H,H,H,B,H,H,H,H,H,H,H,H,H,H,H,H,H,A,A,H,H,H,H,A,H,H
15,3.2,89.3,-0.1,1.7,-,-,H,B,B,B,B,H,H,H,H,B,B,H,B,B,B,H,H,H,H,H,A,A,A,H,H,B,B,H,H,A,H,H,H,B,H,H,H,H,H,B,B,B,A,A,H,H,-,B,B,B,H,H,H,H,H,A,H,B,H,H,H,H,H,H,H,H,H,H,H,H,H,H,H,A,A,A,A,A,B,B,H,H,H,H,B,B,B
16,3.9,44.5,-0.2,3.5,-,-,H,H,H,A,A,H,B,H,H,H,B,H,A,A,H,H,H,A,A,A,H,H,H,H,H,H,B,H,H,H,H,H,H,H,H,H,H,A,A,A,A,H,H,H,A,A,-,H,A,A,A,H,H,H,H,H,B,B,H,H,H,B,B,B,H,H,H,H,H,H,H,H,H,B,B,B,A,H,B,B,B,A,H,B,H,H,H
17,4.6,44.5,1.7,7.9,-,-,H,H,B,B,B,A,A,H,H,H,H,B,A,A,B,H,H,B,H,A,H,B,B,B,B,B,H,B,H,H,H,H,H,H,H,H,H,H,H,H,H,H,B,B,B,H,-,B,H,H,H,H,H,H,B,B,A,A,H,H,A,A,H,H,B,B,B,B,B,H,A,A,A,H,A,A,A,H,A,A,A,A,A,B,B,B,B
18,4.6,20.7,2,2.1,-,-,B,B,H,A,A,A,B,B,B,B,H,H,B,-,B,H,B,B,B,B,H,H,H,B,B,H,H,H,A,A,H,B,H,H,H,H,H,H,B,B,B,H,H,H,H,H,-,B,B,B,B,H,H,H,H,H,H,H,H,H,H,H,H,H,A,H,H,B,B,H,H,H,H,A,H,H,H,A,H,H,H,H,B,B,B,B,B
19,5.1,8.6,1.5,5.2,-,-,B,B,A,A,A,A,A,H,H,B,B,B,H,H,H,H,H,H,B,B,A,A,A,A,A,H,H,H,H,H,H,B,H,H,H,H,H,A,H,B,B,H,A,H,H,H,-,A,A,A,H,A,A,A,A,A,B,H,H,H,A,A,A,A,H,H,H,A,H,B,H,H,H,H,A,A,A,H,A,A,A,H,H,B,H,H,H
20,3.8,20.7,1.1,2.1,-,-,B,B,B,B,B,B,H,H,H,H,H,H,H,B,B,B,B,B,B,H,A,H,H,H,A,A,A,H,B,B,B,H,H,H,H,H,A,A,A,A,H,B,H,H,A,A,-,B,B,B,H,A,A,A,A,A,H,H,H,H,H,B,B,A,H,H,B,H,H,H,A,A,A,A,A,A,A,H,H,H,H,A,H,A,H,H,H
21,3.8,8.6,-1.5,2.4,-,-,H,H,B,B,B,H,H,H,H,H,H,H,H,A,A,H,A,A,A,H,H,H,A,A,A,A,A,A,A,A,H,H,H,H,H,B,B,H,H,H,H,H,A,H,B,B,A,H,H,H,B,A,H,B,B,H,H,B,B,B,A,A,H,H,A,A,A,-,H,B,B,B,B,-,H,H,H,B,B,B,B,H,A,A,H,H,H
22,4,8.6,-0.5,5.2,-,-,B,B,H,A,A,A,H,H,H,H,H,B,H,A,A,A,H,H,B,H,B,H,H,H,A,H,H,A,H,H,H,H,B,B,H,H,H,H,B,-,-,H,H,A,A,A,A,H,B,B,B,A,H,B,B,H,H,H,A,H,H,H,H,A,H,H,H,-,H,A,A,A,A,A,B,B,B,B,H,H,A,B,B,A,A,A,A
23,4.3,20.7,0.7,2.1,-,-,H,H,H,H,H,H,A,H,H,H,A,A,H,H,B,B,B,B,B,H,B,B,B,B,B,B,B,A,H,H,H,A,B,B,B,B,A,B,B,H,A,A,A,A,A,A,A,A,B,B,B,H,H,H,H,H,H,H,-,B,H,B,B,H,A,B,B,-,B,H,H,H,B,B,B,B,B,A,A,A,H,A,A,B,B,B,B
24,4.1,20.7,-0.4,2.1,-,-,H,H,A,A,A,A,H,A,A,A,H,B,B,H,H,H,A,H,H,H,H,A,A,A,A,H,B,A,H,H,B,H,A,H,H,B,B,H,H,A,A,A,H,H,H,H,-,H,A,A,A,H,H,H,H,H,H,H,A,A,B,H,H,B,H,B,B,-,H,H,H,H,B,B,H,H,H,B,A,H,H,H,H,H,H,H,H
25,4.8,8.6,0,5.2,-,-,H,H,H,H,H,H,H,H,A,A,H,H,H,H,A,H,H,H,H,H,H,B,B,H,H,H,H,H,B,H,H,H,A,A,A,A,A,A,H,A,A,A,H,H,H,H,H,H,H,H,H,H,H,H,A,A,A,A,A,A,B,B,B,H,A,H,H,-,H,B,H,H,H,H,H,H,H,B,B,H,A,B,H,H,H,H,B
26,3,44.5,0,7.9,-,-,H,H,A,A,A,A,A,H,H,H,H,H,H,H,B,H,B,B,H,H,B,H,H,H,A,H,H,H,H,H,H,H,H,H,H,H,H,H,H,A,A,H,H,H,H,H,A,H,H,H,H,H,H,H,-,H,H,H,A,H,H,H,H,H,B,B,H,-,A,B,A,A,A,H,H,H,A,H,H,H,H,A,H,H,H,H,A
27,4,20.7,-0.4,4.3,-,-,A,A,A,A,H,A,A,H,H,H,A,A,A,H,B,B,B,H,H,B,B,A,A,H,H,B,B,A,A,A,B,B,H,H,A,H,B,H,H,H,B,H,H,A,A,A,A,H,H,A,A,H,H,H,H,A,A,A,A,A,B,A,A,A,H,H,H,-,H,H,H,B,H,B,H,H,H,H,A,A,A,H,H,A,H,H,H
28,4.4,8.6,0.4,1,-,-,H,H,H,H,A,H,H,A,A,A,A,H,B,B,H,A,A,A,H,H,A,H,H,H,H,H,H,H,H,H,B,B,H,H,H,H,H,H,H,H,H,H,A,H,B,B,B,H,H,A,A,H,A,A,H,H,H,H,A,A,H,H,B,H,A,H,H,-,H,B,H,B,B,H,H,H,A,H,H,A,A,H,A,A,A,A,A
29,3.6,8.6,-0.4,10.4,1,1,B,B,B,H,H,B,B,H,H,A,A,A,H,B,B,B,H,H,H,A,A,H,H,H,A,A,A,A,H,H,H,H,H,H,H,H,H,A,H,H,H,H,H,H,B,B,-,H,H,H,H,B,H,A,A,A,A,H,H,H,H,H,H,H,H,H,H,-,A,H,H,H,H,H,H,H,A,A,A,H,H,H,H,H,A,A,A
30,3.6,20.7,0.5,11.7,56,7.5,H,A,A,A,H,H,H,H,A,A,A,B,B,H,H,A,B,B,H,H,H,H,B,H,H,H,H,A,A,H,-,H,A,A,H,H,H,H,H,A,A,A,H,H,A,A,H,H,A,A,A,H,A,A,A,H,H,H,H,H,H,H,H,H,B,B,B,-,H,H,H,H,H,A,A,B,B,A,A,H,H,A,H,B,H,H,H
31,5.3,8.6,1.7,2.4,3,1.7,H,H,A,A,A,H,H,H,B,H,A,A,A,A,A,B,H,H,H,A,H,H,A,A,A,A,A,H,H,B,B,B,H,H,H,H,H,A,H,A,A,B,H,H,H,H,H,H,H,H,H,A,A,A,A,H,H,H,H,B,B,H,B,B,B,B,B,A,A,A,H,H,H,H,H,H,H,H,H,H,H,A,A,A,H,H,H
32,4,8.6,0,10.4,25,5,H,H,H,H,H,H,H,H,H,H,H,B,H,B,H,H,A,A,A,H,H,A,A,A,A,H,H,H,H,H,H,H,H,H,H,H,H,H,H,H,H,H,H,H,H,A,H,H,H,H,H,A,A,A,A,A,H,H,H,H,H,H,H,H,B,H,H,H,H,H,A,A,H,H,H,H,-,H,H,H,H,H,H,H,H,H,A
33,3,20.7,-2.2,1,101,10,H,H,H,H,H,H,H,H,H,A,A,H,H,B,B,B,B,H,A,A,A,A,A,A,H,B,B,H,H,A,A,B,H,H,H,A,A,H,H,A,H,A,A,A,H,H,-,B,B,B,H,H,H,B,B,B,H,H,H,H,B,B,B,B,H,B,B,B,B,B,B,B,B,H,H,H,B,H,H,A,A,B,H,H,B,B,B
34,5.1,3,0.6,6.9,13,3.6,A,H,H,H,H,B,B,A,H,H,H,H,H,B,B,H,H,H,H,H,H,A,H,A,A,A,A,A,A,A,H,-,H,H,H,H,H,B,B,B,B,B,H,H,H,H,-,A,A,H,B,H,H,H,A,A,A,A,A,A,H,H,H,H,H,A,A,B,B,H,H,H,A,H,H,H,H,H,B,B,B,H,A,H,B,H,H
35,3.8,8.6,0.9,2.4,50,7.1,H,H,H,H,H,H,B,B,B,B,H,A,B,H,H,H,B,H,H,B,H,H,A,H,H,H,H,H,H,H,H,H,H,A,A,A,H,A,H,H,H,H,H,H,H,H,A,A,A,H,B,H,H,H,H,H,A,H,H,H,B,A,A,A,H,H,A,H,A,H,B,B,B,B,H,H,A,H,A,A,A,B,B,H,A,H,A
36,4.1,8.6,0.6,2.4,57,7.5,H,H,H,H,H,A,B,H,H,B,B,B,A,A,A,H,A,A,A,A,A,A,A,H,H,H,H,H,A,A,A,A,A,A,H,H,H,H,A,-,A,A,B,B,B,B,H,H,B,B,B,A,A,H,H,H,A,H,H,H,H,A,H,H,H,H,H,H,H,H,H,A,A,B,H,H,H,A,H,H,H,H,B,H,A,A,A
37,4.6,8.6,0.7,2.4,48,6.9,B,B,B,B,H,H,A,A,A,H,H,H,H,H,A,H,A,H,H,B,B,B,B,B,B,B,B,A,A,H,H,H,H,A,H,H,A,B,H,H,H,B,H,H,B,B,H,B,B,B,A,H,H,A,H,H,H,H,A,A,H,B,B,B,H,H,H,H,H,H,A,A,A,A,A,H,B,A,H,H,B,A,A,B,H,H,H
38,3.2,20.7,0.1,2.1,57,7.5,A,H,H,H,H,A,H,H,B,H,H,H,H,B,B,A,H,B,B,H,H,H,H,H,B,-,B,H,H,H,A,A,A,A,A,A,A,A,H,H,H,H,B,B,H,H,-,H,H,H,H,H,H,B,B,B,B,B,H,H,B,B,B,B,A,H,H,H,H,H,H,H,H,H,H,H,H,A,B,B,B,B,H,B,B,B,B
39,4.5,8.6,1,1,57,7.5,B,B,B,B,H,H,B,H,H,B,H,B,H,A,A,A,B,H,H,H,B,B,B,H,H,A,A,A,H,B,B,B,A,A,A,A,H,H,H,A,A,H,H,H,H,H,B,B,H,H,A,H,H,B,B,B,H,H,H,B,B,H,H,H,H,A,A,A,A,H,H,A,A,A,H,H,H,A,B,B,B,A,B,H,A,A,A
40,7.9,8.6,3.3,2.4,147,12.1,H,H,B,B,H,B,H,A,H,H,H,H,H,B,B,B,H,A,H,H,A,A,A,A,A,H,H,H,A,A,A,H,H,H,H,H,A,A,A,A,H,B,B,B,B,H,H,H,B,H,H,A,A,H,H,H,B,B,H,H,H,B,B,B,H,H,H,H,H,H,B,B,H,A,A,A,H,H,H,B,B,A,H,B,A,A,A
41,4.8,8.6,0.3,5.2,168,13,B,B,B,B,B,H,H,B,H,H,A,A,B,B,B,H,H,H,H,H,A,A,A,A,A,A,A,H,H,H,H,A,A,A,A,A,H,B,B,B,B,H,H,H,A,A,-,H,H,H,H,A,A,A,A,H,A,A,A,A,H,H,H,H,H,H,B,B,H,B,H,H,H,A,H,H,H,H,H,H,H,H,H,B,H,H,A
42,4.9,8.6,1.9,2.4,92,9.6,H,H,H,H,H,H,H,H,H,H,H,B,A,H,H,H,B,H,H,A,A,A,B,B,B,H,H,H,H,H,H,A,A,B,B,H,H,H,B,H,A,H,A,A,A,H,-,H,H,B,H,B,B,B,B,H,H,H,B,B,H,A,A,A,H,H,H,H,H,B,B,B,H,B,B,B,B,H,H,H,B,B,H,H,B,B,B
43,3.8,20.7,0.3,4.3,89,9.4,A,A,B,B,B,H,H,H,H,A,A,A,B,H,H,B,H,H,H,H,H,A,H,H,H,A,A,B,H,H,H,B,H,H,H,H,H,A,H,H,H,H,H,B,B,B,-,A,A,A,H,H,H,H,B,B,H,H,H,B,H,H,H,H,B,B,B,H,H,A,A,A,H,A,A,H,H,B,B,H,H,A,A,B,-,B,B
44,4.4,8.6,0,10.4,108,10.4,H,B,B,B,B,H,A,H,A,H,H,B,H,H,H,H,A,A,A,H,H,A,A,H,H,B,B,B,H,H,H,H,A,H,H,H,H,A,A,H,H,H,A,H,B,B,H,H,H,H,H,A,A,A,A,A,B,B,B,B,H,B,B,A,B,H,A,A,A,B,H,H,H,H,H,H,H,A,H,H,H,H,A,H,A,A,A
45,4.8,8.6,0.1,2.4,33,5.7,H,H,A,A,A,H,H,B,B,H,A,A,A,H,H,H,H,H,H,H,H,B,B,B,H,H,H,H,H,H,H,H,A,H,H,A,H,H,B,B,B,H,H,H,B,B,-,B,B,H,H,H,H,H,B,B,B,B,B,B,H,H,H,A,H,A,A,B,B,A,B,B,B,B,H,H,H,B,B,H,H,H,H,H,H,H,H
46,5.1,8.6,1.1,2.4,61,7.8,H,H,B,B,B,B,B,H,H,B,H,H,H,H,H,H,H,H,H,A,H,H,H,H,A,A,H,H,H,H,B,B,A,A,H,H,H,H,B,H,H,H,H,B,B,B,-,A,A,A,H,B,H,B,B,H,H,H,A,A,H,A,A,H,H,H,H,B,B,H,A,A,A,H,A,H,H,A,A,A,A,A,B,A,H,B,B
47,4.3,8.6,0.9,1,1,1,A,A,H,H,B,B,B,A,H,H,H,H,A,A,A,A,H,H,-,B,H,A,A,A,H,H,H,H,A,A,H,B,A,H,H,B,A,B,B,B,B,B,A,A,A,A,-,H,H,H,H,H,H,H,H,H,B,B,B,B,B,B,B,B,H,A,A,A,A,H,H,H,H,A,H,H,H,A,A,H,H,H,H,B,H,H,H
48,2.2,8.6,-0.6,2.4,26,5.1,B,B,B,B,H,H,H,B,B,B,B,B,A,A,A,A,H,B,B,B,A,H,B,B,B,H,H,A,H,H,H,H,H,H,H,H,-,H,B,B,H,H,B,B,B,B,-,H,H,B,B,B,B,B,H,H,H,H,B,B,A,H,B,H,B,B,H,H,H,A,A,A,A,B,B,B,H,B,B,H,H,B,B,B,B,A,A
49,2.7,8.6,0.1,2.4,16,4,A,A,A,A,H,B,H,H,H,H,B,B,H,H,B,B,H,H,H,H,B,H,H,H,H,H,H,A,B,B,B,H,A,A,A,A,A,H,H,H,A,A,H,H,H,H,-,H,H,H,A,A,A,H,H,H,H,A,A,A,A,A,A,H,A,H,H,H,H,H,B,B,B,B,H,B,B,H,H,H,H,H,A,B,B,B,B
50,3.1,20.7,-0.6,1,35,5.9,A,A,A,A,B,H,H,B,B,B,B,B,H,H,H,A,H,H,H,A,H,H,H,H,H,H,H,A,H,H,H,H,H,B,B,B,A,B,B,H,H,H,H,H,H,H,-,B,H,A,A,H,H,H,B,B,H,H,A,H,H,A,A,H,B,B,B,A,A,A,A,H,H,H,H,A,A,H,H,H,H,H,A,A,H,H,H
51,4.2,8.6,-0.2,18,9,3,A,A,A,A,H,H,H,A,H,H,B,B,B,B,B,H,A,A,H,B,B,B,B,B,B,B,H,B,B,B,B,A,A,H,-,H,A,H,H,-,H,H,H,H,H,H,A,A,H,H,H,H,H,H,A,H,H,H,H,H,B,H,H,A,B,B,B,B,B,A,A,A,A,H,H,H,H,H,A,A,H,B,B,H,H,B,B
52,4.7,3,0.3,0.7,101,10,B,B,H,H,H,H,B,A,A,H,H,H,B,H,H,H,H,H,H,A,H,A,A,A,A,H,H,H,H,A,A,H,H,H,-,H,H,A,A,-,A,A,H,H,H,H,H,H,B,B,H,H,H,H,H,A,B,H,H,H,B,B,B,H,H,H,H,A,A,B,B,B,B,H,H,A,H,A,A,-,A,H,A,H,H,H,H
53,4.3,8.6,-0.7,18,23,4.8,H,H,H,H,-,A,A,B,B,B,B,H,H,H,A,A,H,H,B,B,B,B,B,B,H,H,H,B,H,H,H,B,B,H,-,B,B,H,H,-,A,H,H,H,H,H,H,H,H,H,H,H,H,H,H,H,B,A,A,A,H,B,B,B,A,A,A,A,A,A,H,H,H,H,A,A,A,H,H,H,H,H,B,H,A,A,A
54,4.6,8.6,-1.7,1,5,2.2,H,H,H,H,H,H,H,H,H,H,H,H,H,H,B,B,H,H,H,H,H,H,-,H,H,A,A,B,H,H,H,H,B,B,-,B,B,B,B,-,H,H,B,B,A,A,H,H,H,H,A,A,H,H,H,H,H,B,B,B,H,A,A,H,B,B,B,H,H,H,A,A,A,B,B,A,A,H,H,A,A,H,H,H,H,H,A
55,3.8,8.6,-0.4,5.2,85,9.2,H,H,H,H,H,H,H,H,H,H,B,B,A,A,A,H,H,H,H,H,A,H,H,H,H,H,B,H,B,B,B,B,H,A,-,H,H,H,H,-,B,H,H,H,H,H,A,A,B,B,B,H,H,A,H,B,H,H,A,A,A,A,A,A,H,H,A,A,A,A,B,B,B,H,H,H,A,B,H,H,B,B,B,H,B,H,H
56,3.5,8.6,-1.9,2.4,21,4.6,H,H,B,B,H,H,H,H,H,B,B,B,H,H,A,A,H,A,A,H,B,B,H,H,H,H,A,A,A,H,H,H,H,H,-,H,A,A,H,-,H,H,H,H,A,A,A,H,H,H,H,H,H,H,A,A,H,H,A,A,H,H,B,B,A,H,H,H,B,B,H,H,H,H,B,B,B,A,B,B,B,H,H,A,H,H,B
57,-,-,-,-,24,4.9,H,A,A,A,A,A,A,B,B,B,B,H,H,A,H,H,B,H,A,A,H,H,H,H,H,B,B,H,H,H,B,H,B,B,-,B,B,H,H,-,H,H,B,B,B,B,H,H,H,H,H,B,B,B,B,B,H,H,B,B,H,B,H,H,H,A,A,B,B,H,H,H,H,H,B,B,B,A,H,B,B,H,H,H,B,B,B
58,-,-,-,-,21,4.6,B,B,H,H,H,A,A,B,B,B,B,H,H,A,A,A,A,A,H,H,B,B,H,H,H,A,A,A,H,H,H,H,H,H,-,H,H,H,B,-,H,H,H,H,H,H,H,H,H,H,H,A,A,H,H,H,H,H,B,B,A,H,H,B,A,A,A,A,A,H,B,H,H,A,A,A,H,B,B,B,H,A,H,B,B,H,H
59,-,-,-,-,14,3.7,H,A,H,H,B,H,H,H,H,H,H,H,H,A,H,H,A,A,A,H,B,B,B,B,H,H,A,H,H,H,A,A,H,A,-,A,A,B,H,-,A,H,H,H,A,A,H,H,H,H,H,A,A,A,B,B,B,H,H,A,H,A,H,H,H,B,B,H,H,A,A,A,A,B,B,B,B,H,H,H,H,H,H,B,B,B,H
60,-,-,-,-,22,4.7,H,H,H,H,A,A,H,H,H,H,H,H,A,H,H,H,H,H,H,H,B,B,H,H,H,B,B,H,H,H,H,B,H,H,-,H,H,B,H,-,H,H,A,A,H,H,H,H,H,H,B,H,H,H,H,H,B,B,H,H,H,H,H,A,H,H,H,A,H,H,A,A,A,A,H,H,H,H,A,A,A,H,H,B,H,H,H
61,-,-,-,-,0,0,A,A,A,A,A,A,H,B,B,A,A,H,A,A,H,H,H,H,B,H,H,B,B,H,H,H,H,H,H,H,H,H,H,B,H,A,A,H,H,-,A,B,A,-,A,A,-,B,H,H,H,A,A,H,B,B,H,H,-,H,A,-,H,-,B,B,B,B,B,H,H,H,H,A,H,-,H,H,A,A,A,A,H,-,H,B,B
62,-,-,-,-,13,3.6,A,H,A,A,A,A,A,A,A,A,A,H,H,H,H,A,A,A,H,H,A,A,A,A,A,H,H,H,H,H,H,H,H,H,H,H,B,A,A,-,A,A,B,-,B,B,-,B,-,H,H,A,A,H,H,H,H,H,-,H,A,H,H,-,A,A,H,H,H,H,H,H,H,B,B,-,H,H,A,A,A,H,H,-,A,H,A
63,-,-,-,-,51,7.1,B,B,B,B,B,B,H,A,A,A,A,H,B,B,B,B,H,A,H,H,H,B,H,H,H,H,H,B,B,H,H,H,B,B,H,H,H,H,H,-,H,H,H,-,H,A,-,B,B,B,A,B,A,A,A,A,B,H,-,B,H,H,H,-,H,H,H,H,H,B,H,B,B,H,B,-,H,B,B,H,A,A,A,-,B,B,B
64,4.5,20.7,0.5,2.1,-,-,H,A,A,A,A,A,A,B,H,H,H,B,H,H,A,A,B,B,H,H,A,A,A,A,A,A,H,H,H,H,H,H,B,H,H,H,A,A,H,B,B,B,H,H,A,A,-,H,H,A,A,B,B,B,B,B,B,B,B,B,H,H,H,-,A,A,A,A,B,A,H,B,H,H,A,A,H,B,B,B,B,H,H,H,H,H,H
65,4.2,20.7,1,1,-,-,H,A,A,A,A,A,A,B,H,H,H,H,H,H,A,H,A,A,H,H,H,H,H,H,H,H,H,H,A,A,A,A,H,H,A,A,A,B,B,H,H,H,H,B,H,H,-,H,H,H,H,A,A,A,A,A,H,A,H,H,A,H,H,-,B,B,H,H,H,H,H,H,H,B,H,H,A,H,H,H,H,H,H,B,H,H,H
66,4.5,89.3,-0.2,1,-,-,H,H,H,H,H,H,H,H,A,A,A,A,B,B,B,B,B,B,B,B,B,-,H,H,H,H,A,A,A,H,H,H,B,B,B,H,H,B,B,H,H,H,A,A,A,A,-,H,H,A,H,B,H,H,A,H,B,B,B,B,B,H,H,-,H,A,A,A,B,H,A,A,A,A,A,A,A,H,H,H,H,H,A,H,H,H,A
67,3.2,8.6,0.5,10.4,-,-,B,B,H,H,H,A,H,H,A,A,A,B,H,H,H,H,H,A,A,H,B,B,B,B,H,H,H,B,H,H,H,H,B,A,A,A,H,H,H,B,B,B,H,H,A,H,-,A,H,H,B,A,A,A,A,A,B,B,B,B,A,H,H,-,H,A,A,H,H,B,B,B,B,B,B,B,B,H,H,A,A,H,H,B,H,A,A
68,4.6,20.7,2.2,4.3,-,-,-,H,A,A,A,A,H,A,H,H,A,A,H,H,H,A,H,H,H,A,B,B,B,B,H,H,H,H,B,B,B,B,H,H,A,A,A,H,H,H,H,H,H,A,A,A,-,A,A,A,A,B,B,B,B,B,B,B,H,H,A,A,A,-,H,H,B,B,A,B,B,B,B,B,H,H,H,H,A,A,H,H,H,H,H,H,H
69,3.3,89.3,0.1,5.4,-,-,H,H,H,H,H,-,A,H,H,H,H,H,H,H,H,A,B,A,A,A,A,H,B,B,B,B,B,B,B,B,B,H,H,H,H,H,H,B,H,H,B,B,H,H,H,H,-,H,H,B,H,H,H,H,B,B,H,A,H,H,H,H,H,-,H,H,H,H,H,B,H,H,H,H,H,H,H,H,B,B,H,B,B,B,B,B,B
70,4.7,20.7,2.3,7.5,-,-,H,H,B,B,B,H,H,B,B,B,B,B,H,H,H,H,H,H,H,H,H,H,H,H,H,A,A,H,B,B,H,H,H,B,H,H,H,B,B,B,H,H,H,B,B,B,-,B,B,B,H,A,A,A,A,A,A,H,H,H,H,H,H,-,B,B,H,H,H,H,A,A,A,H,H,H,H,B,H,A,A,H,B,H,H,H,H
71,2.3,44.5,-0.1,7.9,-,-,B,B,H,H,A,H,H,H,H,H,H,H,H,H,H,H,-,A,H,B,B,B,H,H,H,H,H,A,A,A,H,B,A,A,A,A,A,B,B,H,H,H,B,B,B,B,-,B,B,B,B,A,A,A,A,A,B,B,B,B,H,H,H,-,B,B,B,B,A,A,A,A,A,H,H,B,B,H,H,H,A,H,H,H,B,B,B
72,5.8,8.6,1.6,2.4,-,-,A,A,A,A,A,B,B,B,B,H,H,H,H,H,H,H,B,H,H,H,H,A,H,H,H,H,H,A,A,A,A,A,H,H,H,H,H,B,B,B,B,B,B,H,H,H,-,H,H,H,H,B,B,H,H,A,H,H,H,B,B,B,B,-,A,A,A,H,H,A,A,A,A,A,A,H,H,H,B,H,H,B,H,B,B,H,H
73,4.2,44.5,0.6,5.4,-,-,H,H,H,H,H,H,H,H,H,H,H,A,H,B,B,H,H,H,H,B,A,A,A,A,H,H,H,H,A,A,A,B,B,B,B,A,A,A,H,H,B,B,H,H,A,A,-,A,A,A,B,H,H,H,H,H,H,H,H,A,A,H,H,-,H,H,B,B,H,H,H,H,A,B,H,H,H,H,A,A,H,H,H,H,H,H,H
74,4.3,20.7,1.2,4.3,-,-,H,H,H,A,A,H,B,H,A,A,H,H,B,B,H,H,H,H,H,H,H,H,H,H,B,B,B,A,H,H,H,H,B,H,H,H,H,H,H,B,B,H,A,A,A,A,-,H,H,A,A,A,A,A,A,A,H,H,H,A,B,H,H,-,H,A,A,A,H,A,A,H,H,H,B,B,H,H,H,H,H,B,B,H,H,H,H
75,3.3,44.5,-0.3,2,-,-,H,H,A,A,A,A,A,A,A,H,H,H,B,B,B,B,B,H,H,H,H,H,H,H,H,A,A,B,B,H,H,H,A,H,H,B,B,H,B,B,A,A,A,A,B,A,H,H,A,A,A,A,A,H,H,H,H,H,H,H,A,H,H,B,H,H,H,H,H,A,H,H,H,A,A,A,H,B,B,B,H,H,A,H,H,H,B
76,4.5,8.6,0.8,18,-,-,A,A,H,H,H,H,H,H,A,A,H,H,H,H,H,H,B,B,B,A,H,H,A,A,H,H,H,H,H,B,B,H,H,H,H,H,H,B,H,B,H,H,A,A,A,B,A,A,H,B,B,H,A,H,H,H,H,B,B,B,H,A,A,A,B,H,H,A,H,H,A,A,A,H,H,B,B,H,A,A,A,H,H,H,H,H,H
77,3.7,20.7,0.2,7.5,-,-,B,B,B,B,H,H,B,B,B,H,H,A,H,H,A,H,H,A,H,H,H,B,B,B,B,H,H,H,H,H,B,H,B,H,A,A,A,H,H,H,H,A,B,B,B,A,H,H,H,H,A,A,H,H,H,H,H,H,H,H,H,H,A,H,A,A,H,B,B,B,B,B,B,H,H,H,H,H,H,H,B,B,A,H,A,A,H
78,3,44.5,0.2,3.5,-,-,H,H,B,B,H,H,A,H,H,A,A,A,A,H,H,H,H,B,B,B,H,B,B,B,B,H,H,H,H,H,H,H,B,B,B,B,H,B,B,B,B,B,B,B,H,H,A,A,A,A,B,B,H,H,H,H,H,H,H,B,H,B,H,H,H,A,A,H,H,H,A,H,H,A,A,A,H,B,B,B,B,B,B,A,H,H,H
79,3.3,20.7,-0.2,2.1,33,5.7,H,H,H,H,H,A,A,H,B,B,H,A,H,A,A,H,H,A,A,H,H,-,H,H,H,H,A,A,H,H,H,H,H,A,H,H,H,B,B,B,-,A,H,B,H,H,B,H,H,H,B,A,H,H,H,A,B,B,H,H,B,B,B,B,H,A,A,A,A,A,H,H,H,H,H,H,B,H,H,H,B,H,A,B,B,B,B
80,3.8,8.6,0.9,5.2,7,2.6,H,H,A,H,H,B,B,H,H,B,B,B,H,H,H,H,B,H,H,A,B,H,H,H,H,H,H,A,A,A,A,-,B,H,A,A,A,B,B,H,A,A,H,H,H,A,H,A,H,H,H,A,H,A,A,A,H,H,A,A,H,H,H,H,H,H,H,A,A,H,H,H,H,B,B,H,H,H,A,A,A,B,H,A,H,H,H
81,3.9,20.7,0.4,16.9,21,4.6,H,H,A,A,B,H,H,H,H,A,A,A,B,B,B,H,H,H,H,H,H,B,B,B,A,A,A,A,A,A,A,H,B,H,H,A,A,A,A,A,H,H,H,H,H,B,H,B,B,B,B,H,H,B,B,B,A,A,H,B,A,H,B,B,H,H,H,A,A,A,H,H,H,H,A,A,H,A,H,H,H,H,H,H,H,H,H
82,2.4,44.5,-0.1,7.9,32,5.7,H,H,H,H,H,H,H,A,A,H,H,H,H,H,H,H,H,H,B,B,H,H,B,B,H,A,A,H,H,A,A,H,A,A,H,A,A,H,H,H,A,A,A,A,A,H,B,B,-,H,H,B,B,H,H,H,H,H,B,B,A,H,H,A,H,H,H,H,H,B,H,A,A,H,H,H,H,H,H,H,A,B,B,A,A,A,H
83,3.2,44.5,0.7,3.5,46,6.8,A,A,B,B,A,H,H,H,H,H,H,H,H,H,H,A,A,A,H,B,H,H,H,H,H,H,A,B,H,H,H,H,A,H,H,H,H,H,H,H,H,H,A,A,H,H,B,H,H,H,H,H,H,A,A,A,B,B,B,B,B,B,B,B,A,A,H,B,B,B,B,B,B,H,H,A,H,H,A,A,A,A,A,H,H,H,H
84,3.5,20.7,-0.4,2.1,2,1.4,A,A,H,H,H,H,H,H,A,A,A,H,H,B,H,H,H,H,H,B,A,B,B,B,B,B,B,H,B,B,B,H,H,H,B,B,H,H,H,A,H,H,H,H,H,A,H,H,A,A,A,A,A,A,A,A,H,H,B,B,H,A,A,H,H,H,H,H,H,A,A,A,H,B,B,H,A,A,A,B,B,B,B,-,H,H,H
85,3.4,8.6,0,2.4,11,3.3,H,H,H,B,B,A,A,A,H,H,H,B,B,H,A,H,H,H,H,H,B,B,B,B,B,B,B,B,B,H,H,H,H,B,B,B,-,H,H,A,A,A,A,A,H,H,-,H,H,H,A,A,-,H,H,H,B,B,B,B,H,H,H,A,H,H,H,A,A,H,H,-,B,H,H,B,B,A,H,H,H,A,A,-,A,A,A
86,4.6,8.6,1.6,2.4,73,8.5,A,A,A,A,H,H,H,B,H,A,A,A,A,A,H,B,B,B,H,H,B,B,B,B,B,H,H,A,H,H,B,H,H,H,H,A,H,B,B,B,B,H,H,B,H,A,H,H,B,B,H,B,B,H,A,A,H,H,H,H,H,A,H,H,H,H,H,A,A,H,H,-,A,B,B,A,H,H,H,H,H,H,H,H,H,H,H
87,5.6,8.6,2,10.4,38,6.2,A,A,A,H,H,H,A,B,B,H,H,H,H,H,H,H,H,B,B,B,A,A,A,A,H,H,H,B,B,B,H,H,H,H,B,B,H,B,B,H,H,H,H,H,H,B,B,B,H,H,H,A,-,H,H,H,B,H,A,A,H,H,H,H,H,H,H,H,H,A,A,H,A,A,H,A,H,B,H,H,H,H,H,H,A,A,A
88,7.2,20.7,2.3,2.1,1,1,H,H,H,H,H,A,A,H,A,H,H,H,H,H,B,H,H,A,H,H,B,B,B,B,B,B,B,B,B,H,A,A,H,H,A,A,A,B,B,B,B,B,B,B,B,H,A,A,A,B,B,H,-,H,H,A,H,H,A,A,H,A,A,A,H,H,H,B,B,A,A,-,A,H,B,A,A,A,H,H,H,B,-,A,A,A,A
89,2.7,20.7,-1.2,1,87,9.3,B,B,B,B,B,H,H,B,B,B,B,B,H,H,H,B,A,H,B,B,H,H,H,H,A,A,A,H,H,H,A,A,B,H,H,H,H,B,B,H,H,H,B,B,B,B,H,H,A,A,A,H,-,H,H,H,H,H,H,H,A,A,A,A,H,A,A,A,H,H,B,H,A,B,H,H,H,A,A,H,H,H,H,B,B,B,B
90,2.9,20.7,-0.9,1,51,7.1,H,H,A,H,H,A,H,A,H,H,H,H,H,H,A,A,H,H,B,B,H,B,H,H,H,H,H,B,B,B,B,B,A,A,H,A,A,H,A,A,A,H,A,A,A,A,-,H,H,A,A,H,-,H,B,B,H,H,H,H,B,A,A,A,H,H,H,H,B,A,H,H,H,H,B,H,A,H,H,H,A,H,H,-,B,H,H
91,4.3,20.7,1.7,1,0,0,A,A,H,H,A,B,B,H,H,H,H,H,B,B,B,B,H,A,A,A,B,B,B,B,B,H,H,H,H,H,H,H,H,A,H,B,B,H,H,H,H,B,H,H,H,A,H,H,H,H,H,B,B,B,B,H,A,B,B,B,B,B,B,B,H,H,H,H,H,H,H,H,H,H,H,A,H,A,A,H,H,H,H,H,H,H,H
92,3.3,8.6,1.1,2.4,73,8.5,H,H,H,A,A,A,A,A,A,B,B,A,B,H,H,H,H,B,H,H,H,A,A,H,H,B,B,B,H,H,H,H,B,B,H,A,A,H,H,B,B,H,H,A,A,A,B,B,B,B,H,B,B,B,B,B,A,A,A,A,H,H,A,A,A,A,A,H,H,-,H,H,H,H,H,H,H,B,H,H,A,B,B,B,H,H,H
93,3.8,8.6,0.8,18,65,8.1,B,B,B,B,B,H,H,B,B,H,H,H,A,A,A,B,B,B,B,B,H,H,H,H,H,H,A,A,A,B,B,B,H,H,H,A,A,A,A,A,A,B,B,B,-,H,H,H,H,H,H,H,H,B,B,B,B,B,H,H,B,B,B,B,H,H,H,A,A,H,H,-,H,H,H,H,H,A,H,H,H,H,H,B,H,H,H
94,3.5,8.6,-0.3,2.4,96,9.8,B,B,B,B,B,B,B,A,A,B,B,A,H,H,H,B,H,H,H,H,H,B,B,B,B,H,H,B,B,A,A,A,A,H,H,B,B,A,H,B,B,B,A,A,H,H,H,H,H,H,B,H,A,A,A,A,A,H,H,H,A,A,A,A,H,H,H,H,H,A,A,B,B,A,A,B,B,B,H,H,H,H,H,B,B,B,B
95,6.5,20.7,3.6,-,16,4,H,H,H,H,H,H,H,H,H,H,H,B,B,H,H,A,B,B,B,B,H,H,A,A,A,A,H,H,H,A,A,A,H,B,B,B,B,B,B,B,H,A,H,H,A,H,B,H,H,H,H,H,H,H,H,H,H,H,H,B,A,A,H,H,B,B,B,B,B,B,B,B,B,H,H,H,A,H,H,H,A,A,H,B,H,H,H
96,3.7,8.6,0.5,18,12,3.5,A,A,A,A,A,A,H,H,A,A,A,H,H,H,B,H,H,A,A,H,H,A,A,A,A,H,H,H,B,H,H,A,A,A,H,B,B,B,B,B,B,H,H,H,B,B,H,H,H,H,H,H,B,H,H,H,H,H,B,B,H,B,B,B,H,H,A,A,A,H,B,B,B,A,A,H,H,H,H,H,H,B,A,B,B,B,B
97,5.3,8.6,0.8,5.2,31,5.6,H,H,H,H,H,H,H,A,A,H,H,B,A,A,A,H,H,B,B,B,A,A,H,H,H,H,H,B,B,B,B,H,H,H,H,H,H,A,A,A,A,H,H,B,B,B,A,A,A,H,H,H,H,H,H,H,A,H,B,B,A,H,H,H,H,H,H,B,B,B,B,A,A,B,H,H,H,H,H,A,A,H,A,H,H,H,H
98,3.4,20.7,-1.3,1,4,2,H,H,H,H,H,H,H,H,H,H,H,H,-,H,B,B,A,H,H,H,B,B,A,A,A,H,H,B,H,A,A,A,H,H,B,H,H,H,H,A,A,A,H,H,H,H,H,H,A,A,A,H,H,H,H,H,H,H,H,H,H,B,B,B,A,A,A,A,H,H,H,H,H,B,H,A,A,B,B,B,H,H,A,A,A,H,H
99,3.7,44.5,1.1,0.5,33,5.7,H,B,H,H,H,H,A,H,H,H,H,B,H,H,H,H,H,H,H,H,A,A,A,A,H,B,B,B,B,B,H,H,B,B,B,B,H,H,B,B,B,A,H,A,A,A,-,H,H,H,H,H,H,B,H,H,B,B,B,H,H,B,B,H,B,H,H,H,H,B,H,H,H,A,A,A,A,A,H,H,A,A,H,H,H,B,B
100,5,3,0.2,6.9,3,1.7,H,H,H,H,H,B,B,H,H,H,H,H,-,H,H,A,H,H,H,B,B,B,H,H,A,A,A,H,H,H,A,H,H,B,B,H,H,H,H,H,H,H,H,H,B,B,A,H,H,H,H,A,A,H,H,H,H,H,A,H,B,H,H,H,H,H,H,H,H,H,A,A,A,H,H,H,H,B,H,H,H,B,B,H,A,A,A
101,4.1,8.6,1.2,5.2,4,2,H,B,H,H,H,H,A,H,H,H,B,B,A,H,H,H,H,B,B,H,A,H,H,H,H,H,A,H,H,H,B,B,H,A,A,A,A,-,B,B,B,B,H,H,B,B,A,A,A,A,A,H,H,H,H,H,H,A,H,H,H,A,A,A,H,B,B,B,B,A,H,H,H,H,H,H,H,B,B,B,B,H,H,H,A,A,A
102,3,8.6,-0.2,5.2,60,7.7,B,B,H,H,H,A,A,H,H,H,H,H,B,H,H,A,H,H,A,H,B,B,B,B,B,B,B,H,H,H,H,A,H,H,H,H,A,H,B,B,B,B,H,H,B,B,H,B,B,B,H,H,H,H,H,H,H,H,A,A,H,A,H,H,A,A,A,A,H,B,B,B,H,B,B,B,B,B,B,H,A,B,B,H,B,B,B
103,6,20.7,2.5,2.1,50,7.1,H,H,H,B,H,H,H,H,H,H,H,H,H,H,H,H,A,H,H,H,H,H,H,H,H,H,H,H,H,A,H,H,H,A,A,A,A,B,H,-,H,H,H,B,B,B,H,H,B,B,B,H,H,H,H,H,H,H,H,H,B,B,B,B,A,A,A,H,H,A,H,H,H,A,H,H,H,H,B,B,H,A,A,A,A,A,A
104,3.1,8.6,-0.5,5.2,43,6.6,-,-,-,-,-,-,-,-,-,-,-,-,-,-,-,-,-,-,-,-,-,-,-,-,-,-,-,-,-,-,-,-,-,-,-,-,-,-,-,-,-,-,-,-,-,-,-,-,-,-,-,-,-,-,-,-,-,-,-,-,-,-,-,-,-,-,-,-,-,-,-,-,-,-,-,-,-,-,-,-,-,-,-,-,-,-,-
105,4.1,3,0.4,6.9,18,4.2,A,A,A,A,A,H,H,A,A,A,H,B,A,A,A,-,H,H,H,A,H,H,H,H,B,H,H,B,B,B,H,H,B,B,A,A,A,H,B,B,B,H,-,H,B,B,H,H,B,B,B,B,B,B,B,B,B,B,H,H,H,A,A,A,H,A,A,H,H,H,H,H,H,H,H,A,A,H,B,B,H,H,B,B,B,B,H
106,2.7,3,-1.2,14.8,51,7.1,B,B,B,B,H,H,H,B,B,B,A,A,H,H,H,B,B,H,H,H,H,H,H,H,H,H,H,A,A,A,A,A,H,A,A,A,A,H,H,B,B,B,A,A,A,A,B,B,B,H,A,A,A,A,A,H,H,H,H,H,A,A,A,A,B,B,B,H,H,H,A,A,A,-,H,H,H,A,H,H,H,H,H,B,H,H,H
107,3.8,8.6,-2,1,18,4.2,A,A,A,A,H,A,A,B,B,H,B,B,B,B,B,H,H,H,H,H,B,B,B,B,B,H,H,B,H,H,B,B,A,A,A,A,A,A,A,H,H,H,H,H,B,B,H,H,H,H,A,B,H,H,A,A,H,H,B,H,B,B,H,B,B,B,B,A,A,H,H,H,H,B,B,A,A,H,H,A,A,H,B,H,A,A,A
108,5.1,8.6,1.9,2.4,64,8,H,H,H,H,H,A,A,H,A,A,A,B,A,H,H,H,H,H,B,B,H,H,H,B,B,B,B,H,H,H,A,A,A,B,B,B,B,H,A,A,B,B,H,B,B,B,H,A,A,A,A,B,H,H,H,H,A,A,A,A,H,H,H,H,B,H,H,B,H,H,B,B,B,A,A,A,A,B,B,H,A,H,B,B,B,B,B
109,8,3,2.5,6.9,31,5.6,B,B,B,B,B,A,A,B,B,H,H,H,B,H,H,B,A,H,H,H,H,H,H,H,H,H,H,A,H,H,H,B,B,B,B,B,B,H,H,H,H,B,H,H,A,A,A,A,A,A,A,A,A,A,A,A,A,A,A,H,A,H,H,H,A,A,A,B,B,A,H,H,A,A,A,H,A,H,H,H,H,H,H,B,H,H,H
110,4,20.7,1.3,2.1,97,9.8,A,A,H,H,H,H,A,A,H,H,H,A,B,H,H,H,H,H,A,H,A,A,H,B,B,H,H,H,H,H,H,H,A,A,H,H,A,H,H,A,A,A,H,H,A,A,B,B,B,B,B,B,B,H,H,H,H,H,A,H,H,H,H,H,B,B,H,H,A,H,H,H,H,A,A,H,H,H,H,H,B,A,B,B,H,A,A
111,3.3,-,0,-,30,5.5,H,H,A,A,A,A,H,A,A,A,A,B,H,H,H,H,H,B,B,B,H,H,H,H,A,A,A,H,H,H,H,H,B,H,A,A,A,H,H,-,A,A,A,A,A,H,A,A,A,A,A,A,H,H,B,B,A,A,A,A,B,H,H,A,A,A,A,A,A,B,B,B,H,H,H,H,H,B,B,B,B,B,H,A,A,A,A
112,4.8,8.6,1.7,5.2,37,6.1,B,A,H,H,A,A,A,H,B,H,H,H,H,H,H,B,H,H,A,H,H,-,H,H,H,H,H,H,H,H,H,A,A,H,H,H,-,H,H,H,H,H,H,H,H,B,-,B,H,H,H,A,-,A,A,H,H,H,-,A,H,H,B,B,H,H,H,B,H,A,H,H,B,-,H,H,H,H,H,H,A,-,H,A,H,H,H
113,4.1,8.6,1.3,5.2,151,12.3,H,H,B,B,B,H,H,H,H,H,H,H,H,A,A,H,H,H,A,H,B,B,B,B,B,B,B,B,H,H,H,B,A,A,H,H,H,H,H,H,H,A,H,B,B,B,H,B,H,H,H,A,H,H,H,H,A,H,H,H,H,H,H,B,A,A,A,H,H,B,B,B,A,A,H,H,H,H,A,A,A,H,B,H,A,A,H
114,4.7,8.6,1.4,5.2,54,7.3,A,A,B,B,B,H,A,A,A,A,H,H,A,H,H,B,H,H,H,B,B,-,H,H,H,H,H,A,H,H,H,A,H,H,H,H,-,H,H,H,H,H,H,B,H,H,-,H,B,H,H,H,-,H,H,A,H,B,-,H,H,A,H,H,H,B,B,-,A,B,H,H,H,-,H,H,H,H,H,H,H,-,H,H,H,H,B
115,3.3,20.7,0.2,4.3,23,4.8,A,A,B,B,B,H,A,A,A,A,H,H,A,A,H,B,H,H,H,B,B,B,B,B,H,H,H,A,A,A,A,A,H,H,H,A,A,H,H,H,H,H,-,B,H,H,H,H,B,H,H,H,H,H,H,A,B,B,H,H,H,A,H,H,H,B,B,A,A,B,H,H,H,H,H,H,A,H,H,H,H,A,A,H,H,H,H
116,4,20.7,1,2.1,91,9.5,B,H,H,H,H,H,A,H,A,B,B,H,H,H,H,A,B,B,H,H,H,H,A,H,B,B,B,A,A,-,A,H,H,H,H,H,-,B,B,B,B,B,B,B,B,B,-,B,B,B,B,A,-,H,A,A,H,H,-,A,A,H,H,H,H,H,H,-,B,H,H,H,A,-,H,H,H,H,H,B,B,B,H,B,H,H,H
117,4.5,20.7,1.1,7.5,61,7.8,-,-,-,-,-,-,-,-,-,-,-,-,-,-,-,-,-,-,-,-,-,-,-,-,-,-,-,-,-,-,-,-,-,-,-,-,-,-,-,-,-,-,-,-,-,-,-,-,-,-,-,-,-,-,-,-,-,-,-,-,-,-,-,-,-,-,-,-,-,-,-,-,-,-,-,-,-,-,-,-,-,-,-,-,-,-,-
118,4.3,8.6,-1.1,2.4,46,6.8,H,H,B,B,-,B,H,B,B,H,H,B,B,H,H,H,A,H,H,A,H,H,B,B,B,B,B,H,H,H,H,B,A,H,H,A,-,B,H,H,H,H,B,B,H,H,-,H,-,H,B,H,-,H,H,H,H,H,-,H,H,A,A,A,H,B,B,-,H,A,A,A,A,-,H,H,A,B,H,H,H,A,H,H,H,H,H
119,5,8.6,1.2,2.4,108,10.4,H,H,H,H,B,B,B,H,H,H,A,A,H,B,B,B,H,B,H,H,A,A,H,B,H,H,H,H,H,H,B,B,H,H,H,H,-,H,H,H,H,H,A,A,H,H,-,H,H,A,A,A,A,A,H,H,H,H,-,A,A,A,H,H,A,H,H,H,H,H,H,H,B,H,H,H,H,A,A,A,A,B,B,B,B,B,H
120,5.1,3,1.2,2.9,37,6.1,B,B,H,H,-,B,B,B,B,B,H,H,B,B,B,A,A,H,H,H,A,A,A,H,H,H,H,B,H,A,A,A,B,B,H,H,-,H,H,A,H,H,A,-,H,H,-,H,-,B,A,H,-,H,H,B,H,H,-,B,H,H,H,A,H,H,H,-,B,H,H,H,H,-,B,B,B,B,B,B,B,A,H,B,B,B,H
121,5.2,3,0,6.9,23,4.8,A,H,H,H,-,H,A,H,B,B,H,H,H,H,H,H,B,H,H,B,B,B,B,B,H,H,H,H,H,B,H,B,B,B,H,H,-,B,H,H,H,H,A,A,A,H,-,H,-,H,-,H,-,H,H,H,A,A,-,H,A,H,A,H,H,H,-,-,H,H,H,H,H,-,B,B,B,H,H,A,A,H,H,-,H,H,A
122,3.5,20.7,-0.9,4.3,137,11.7,H,H,B,B,H,H,A,A,A,B,B,B,H,H,A,H,B,H,A,H,H,A,H,H,H,H,H,H,B,B,B,B,H,H,A,A,-,B,B,B,H,H,H,A,A,A,-,B,B,B,B,A,A,-,A,A,H,H,-,B,H,H,H,H,H,H,A,A,A,H,H,A,A,H,A,A,A,H,H,A,H,H,A,H,A,A,A
123,3.9,8.6,-0.1,18,49,7,H,H,H,H,H,A,A,H,H,A,H,H,A,A,H,H,B,B,A,A,A,A,H,H,H,A,A,B,H,H,H,A,H,B,A,A,-,B,B,B,B,B,H,H,H,H,-,H,A,A,A,H,B,B,B,B,H,B,-,B,B,H,H,B,A,A,-,H,H,H,A,A,A,B,H,H,H,B,B,H,H,B,B,B,H,A,A
124,5.1,3,1.8,6.9,16,4,H,A,A,A,A,A,A,H,B,B,B,B,H,H,A,H,H,H,H,H,A,A,A,A,A,A,A,B,B,B,B,B,B,H,H,H,-,H,B,H,A,H,H,H,H,H,-,A,A,A,A,A,A,B,B,B,H,H,-,H,A,H,H,H,H,H,H,H,B,B,B,H,A,A,H,H,B,A,A,H,H,H,B,B,B,B,B